Код_товару,Назва_позиції,Опис,Тип_товару,Ціна,Валюта,Одиниця_виміру,Наявність,Посилання_зображення,Виробник,Країна_виробник,Група_товарів
ABR-0153,ABRIL Спрей-термозахист THERMAL TREATMENT 200 мл,Професійний догляд для волосся. Оригінальна продукція Abril.,u,931.0,UAH,шт.,+,,Abril,Spain,05. Abril Термозахисти
ABR-0154,ABRIL Термозахист PROTECTOR PLEX STOP BREAKAGE 200 мл,Професійний догляд для волосся. Оригінальна продукція Abril.,u,1327.0,UAH,шт.,+,,Abril,Spain,05. Abril Термозахисти
ABR-0155,ABRIL Термозахист THERMAL PROTECTOR LISS 200 мл,Професійний догляд для волосся. Оригінальна продукція Abril.,u,1327.0,UAH,шт.,+,,Abril,Spain,05. Abril Термозахисти
ABR-0156,ABRIL Блиск для волосся Shine Finish Molecular 100 мл,Професійний догляд для волосся. Оригінальна продукція Abril.,u,1258.0,UAH,шт.,+,,Abril,Spain,06. Abril MOLECULAR Серія для відновлення волосся
ABR-0164,ABRIL Маска NATURPLEX 1000 мл,Професійний догляд для волосся. Оригінальна продукція Abril.,u,4901.0,UAH,шт.,+,,Abril,Spain,07. Abril NATUREPLEX Серія захисту та відновлення
ABR-0165,ABRIL Маска NATURPLEX 200 мл,Професійний догляд для волосся. Оригінальна продукція Abril.,u,1357.0,UAH,шт.,+,,Abril,Spain,07. Abril NATUREPLEX Серія захисту та відновлення
ABR-0166,ABRIL Мус NATURPLEX 100 мл,Професійний догляд для волосся. Оригінальна продукція Abril.,u,2327.0,UAH,шт.,+,,Abril,Spain,07. Abril NATUREPLEX Серія захисту та відновлення
ABR-0167,ABRIL Сироватка FINAL TOUCH 100 мл,Професійний догляд для волосся. Оригінальна продукція Abril.,u,1417.0,UAH,шт.,+,,Abril,Spain,07. Abril NATUREPLEX Серія захисту та відновлення
ABR-0168,ABRIL Шампунь NATURPLEX 1000 мл,Професійний догляд для волосся. Оригінальна продукція Abril.,u,3208.0,UAH,шт.,+,,Abril,Spain,07. Abril NATUREPLEX Серія захисту та відновлення
ABR-0169,ABRIL Шампунь NATURPLEX 250 мл,Професійний догляд для волосся. Оригінальна продукція Abril.,u,1120.0,UAH,шт.,+,,Abril,Spain,07. Abril NATUREPLEX Серія захисту та відновлення
ABR-0173,ABRIL Маска CURLY Definition 200 мл,Професійний догляд для волосся. Оригінальна продукція Abril.,u,1564.0,UAH,шт.,+,,Abril,Spain,08. Abril CURL Серія для кучерявого волосся
ABR-0174,ABRIL Спрей для формування локонів CURLY Definition 200 мл,Професійний догляд для волосся. Оригінальна продукція Abril.,u,1604.0,UAH,шт.,+,,Abril,Spain,08. Abril CURL Серія для кучерявого волосся
ABR-0175,ABRIL Шампунь CURLY Definition 1000 мл,Професійний догляд для волосся. Оригінальна продукція Abril.,u,3582.0,UAH,шт.,+,,Abril,Spain,08. Abril CURL Серія для кучерявого волосся
ABR-0176,ABRIL Шампунь CURLY Definition 250 мл,Професійний догляд для волосся. Оригінальна продукція Abril.,u,1228.0,UAH,шт.,+,,Abril,Spain,08. Abril CURL Серія для кучерявого волосся
ABR-0178,ABRIL Маска Extra Volume 1000ml,Професійний догляд для волосся. Оригінальна продукція Abril.,u,3582.0,UAH,шт.,+,,Abril,Spain,09. Abril VOLUME Серія для об'єму
ABR-0179,ABRIL Маска Extra Volume 200ml,Професійний догляд для волосся. Оригінальна продукція Abril.,u,1564.0,UAH,шт.,+,,Abril,Spain,09. Abril VOLUME Серія для об'єму
ABR-0181,ABRIL Шампунь-кондиціонер Extra Volume 1000ml,Професійний догляд для волосся. Оригінальна продукція Abril.,u,3582.0,UAH,шт.,+,,Abril,Spain,09. Abril VOLUME Серія для об'єму
ABR-0182,ABRIL Шампунь-кондиціонер Extra Volume 250ml,Професійний догляд для волосся. Оригінальна продукція Abril.,u,1228.0,UAH,шт.,+,,Abril,Spain,09. Abril VOLUME Серія для об'єму
ABR-0188,ABRIL Маска KERATIN 1000 мл,Професійний догляд для волосся. Оригінальна продукція Abril.,u,3148.0,UAH,шт.,+,,Abril,Spain,11. Abril KERATIN Серія для пошкодженного волосся
ABR-0189,ABRIL Маска KERATIN 200 мл,Професійний догляд для волосся. Оригінальна продукція Abril.,u,1139.0,UAH,шт.,+,,Abril,Spain,11. Abril KERATIN Серія для пошкодженного волосся
ABR-0190,ABRIL Сироватка KERATIN 100 мл,Професійний догляд для волосся. Оригінальна продукція Abril.,u,1228.0,UAH,шт.,+,,Abril,Spain,11. Abril KERATIN Серія для пошкодженного волосся
ABR-0191,ABRIL Шампунь KERATIN 1000 мл,Професійний догляд для волосся. Оригінальна продукція Abril.,u,2851.0,UAH,шт.,+,,Abril,Spain,11. Abril KERATIN Серія для пошкодженного волосся
ABR-0192,ABRIL Шампунь KERATIN 250 мл,Професійний догляд для волосся. Оригінальна продукція Abril.,u,1100.0,UAH,шт.,+,,Abril,Spain,11. Abril KERATIN Серія для пошкодженного волосся
ABR-0193,ABRIL Маска REHYDRATION 1000 мл,Професійний догляд для волосся. Оригінальна продукція Abril.,u,2871.0,UAH,шт.,+,,Abril,Spain,12. Abril REHYDRATION Серія зволоження волосся
ABR-0194,ABRIL Маска REHYDRATION 200 мл,Професійний догляд для волосся. Оригінальна продукція Abril.,u,1120.0,UAH,шт.,+,,Abril,Spain,12. Abril REHYDRATION Серія зволоження волосся
ABR-0195,ABRIL Шампунь REHYDRATION 1000 мл,Професійний догляд для волосся. Оригінальна продукція Abril.,u,2871.0,UAH,шт.,+,,Abril,Spain,12. Abril REHYDRATION Серія зволоження волосся
ABR-0196,ABRIL Шампунь REHYDRATION 250 мл,Професійний догляд для волосся. Оригінальна продукція Abril.,u,1120.0,UAH,шт.,+,,Abril,Spain,12. Abril REHYDRATION Серія зволоження волосся
ABR-0197,ABRIL Маска ENERGIC 1000 мл,Професійний догляд для волосся. Оригінальна продукція Abril.,u,2871.0,UAH,шт.,+,,Abril,Spain,13. Abril ENERGIC Серія для пошкодженого та нарощеного волосся
ABR-0198,ABRIL Маска ENERGIC 200 мл,Професійний догляд для волосся. Оригінальна продукція Abril.,u,1120.0,UAH,шт.,+,,Abril,Spain,13. Abril ENERGIC Серія для пошкодженого та нарощеного волосся
ABR-0199,ABRIL Сироватка SPLENDOR ESSENCE 100 мл,Професійний догляд для волосся. Оригінальна продукція Abril.,u,1318.0,UAH,шт.,+,,Abril,Spain,13. Abril ENERGIC Серія для пошкодженого та нарощеного волосся
ABR-0200,ABRIL Шампунь ENERGIC 250 мл,Професійний догляд для волосся. Оригінальна продукція Abril.,u,1120.0,UAH,шт.,+,,Abril,Spain,13. Abril ENERGIC Серія для пошкодженого та нарощеного волосся
ABR-0203,ABRIL Маска PLATINUM TONER 200 мл,Професійний догляд для волосся. Оригінальна продукція Abril.,u,1030.0,UAH,шт.,+,,Abril,Spain,14. Abril PLATINUM BLOND Серія для блондинок
ABR-0204,ABRIL Шампунь PLATINUM 250 мл,Професійний догляд для волосся. Оригінальна продукція Abril.,u,1030.0,UAH,шт.,+,,Abril,Spain,14. Abril PLATINUM BLOND Серія для блондинок
ABR-0206,ABRIL Ампула проти випадіння волосся 5 мл--1 ШТУКА !!!,Професійний догляд для волосся. Оригінальна продукція Abril.,u,198.0,UAH,шт.,+,,Abril,Spain,15. Abril FEPEAN Серія для лікування
ABR-0207,ABRIL Ампули проти випадіння волосся 5 мл (50 шт./уп.) УПАКОВКА!!!!,Професійний догляд для волосся. Оригінальна продукція Abril.,u,9504.0,UAH,шт.,+,,Abril,Spain,15. Abril FEPEAN Серія для лікування
ABR-0208,ABRIL Лосьйон проти випадіння PLUS 100 мл,Професійний догляд для волосся. Оригінальна продукція Abril.,u,2317.0,UAH,шт.,+,,Abril,Spain,15. Abril FEPEAN Серія для лікування
ABR-0212,ABRIL Шампунь проти випадіння ANTI- HAIR LOSS 250 мл,Професійний догляд для волосся. Оригінальна продукція Abril.,u,1208.0,UAH,шт.,+,,Abril,Spain,15. Abril FEPEAN Серія для лікування
ABR-0214,ABRIL Шампунь проти лупи ANTI-DANDRUFF 250 мл,Професійний догляд для волосся. Оригінальна продукція Abril.,u,1208.0,UAH,шт.,+,,Abril,Spain,15. Abril FEPEAN Серія для лікування
ABR-0217,ABRIL Крем для укладання DINAMIC CREAM 200 мл,Професійний догляд для волосся. Оригінальна продукція Abril.,u,1366.0,UAH,шт.,+,,Abril,Spain,16. Abril DEFINITION LINE Стайлінг
ABR-0218,ABRIL Спрей FAST BLOW DRYING 200 мл,Професійний догляд для волосся. Оригінальна продукція Abril.,u,1485.0,UAH,шт.,+,,Abril,Spain,16. Abril DEFINITION LINE Стайлінг
ERA-0030,Erayba Маска лікувальна Ayurvedic Mask 1000мл,Професійний догляд для волосся. Оригінальна продукція Erayba.,u,2570.0,UAH,шт.,+,,Erayba,Spain,Догляд за волоссям ALWAYS BEAUTIFUL HAIR AYURVEDIC Лікувальна
ERA-0031,Erayba Маска лікувальна Ayurvedic Mask 250мл,Професійний догляд для волосся. Оригінальна продукція Erayba.,u,1072.0,UAH,шт.,+,,Erayba,Spain,Догляд за волоссям ALWAYS BEAUTIFUL HAIR AYURVEDIC Лікувальна
ERA-0032,Erayba Шампунь лікувальний Ayurvedic Shampoo 1000мл,Професійний догляд для волосся. Оригінальна продукція Erayba.,u,2570.0,UAH,шт.,+,,Erayba,Spain,Догляд за волоссям ALWAYS BEAUTIFUL HAIR AYURVEDIC Лікувальна
ERA-0033,Erayba Шампунь лікувальний Ayurvedic Shampoo 250мл,Професійний догляд для волосся. Оригінальна продукція Erayba.,u,1072.0,UAH,шт.,+,,Erayba,Spain,Догляд за волоссям ALWAYS BEAUTIFUL HAIR AYURVEDIC Лікувальна
ERA-0034,Erayba Кондиціонер Color Care Conditioner leave-in 200мл,Професійний догляд для волосся. Оригінальна продукція Erayba.,u,922.0,UAH,шт.,+,,Erayba,Spain,Догляд за волоссям ALWAYS BEAUTIFUL HAIR COLOR Для фарбованого волосся
ERA-0035,Erayba Маска для фарбованного волосся Color Care Mask 1000мл,Професійний догляд для волосся. Оригінальна продукція Erayba.,u,2570.0,UAH,шт.,+,,Erayba,Spain,Догляд за волоссям ALWAYS BEAUTIFUL HAIR COLOR Для фарбованого волосся
ERA-0036,Erayba Маска для фарбованного волосся Color Care Mask 250мл,Професійний догляд для волосся. Оригінальна продукція Erayba.,u,1072.0,UAH,шт.,+,,Erayba,Spain,Догляд за волоссям ALWAYS BEAUTIFUL HAIR COLOR Для фарбованого волосся
ERA-0037,Erayba Шампунь для фарбованого волосся Color Care Shampoo 1000мл,Професійний догляд для волосся. Оригінальна продукція Erayba.,u,2534.0,UAH,шт.,+,,Erayba,Spain,Догляд за волоссям ALWAYS BEAUTIFUL HAIR COLOR Для фарбованого волосся
ERA-0038,Erayba Шампунь для фарбованного волосся Color Care Shampoo 250мл,Професійний догляд для волосся. Оригінальна продукція Erayba.,u,1001.0,UAH,шт.,+,,Erayba,Spain,Догляд за волоссям ALWAYS BEAUTIFUL HAIR COLOR Для фарбованого волосся
ERA-0039,Erayba Бальзам для курчавого волосся Curls 150мл,Професійний догляд для волосся. Оригінальна продукція Erayba.,u,1072.0,UAH,шт.,+,,Erayba,Spain,CURLY Для кучерявого волосся
ERA-0040,Erayba Маска д/курчавого волосся Curls 1000мл,Професійний догляд для волосся. Оригінальна продукція Erayba.,u,2570.0,UAH,шт.,+,,Erayba,Spain,CURLY Для кучерявого волосся
ERA-0041,Erayba Маска для курчавого волосся Curls 250мл,Професійний догляд для волосся. Оригінальна продукція Erayba.,u,1072.0,UAH,шт.,+,,Erayba,Spain,CURLY Для кучерявого волосся
ERA-0042,Erayba Шампунь для курчавого волосся Curls 1000мл,Професійний догляд для волосся. Оригінальна продукція Erayba.,u,2538.0,UAH,шт.,+,,Erayba,Spain,CURLY Для кучерявого волосся
ERA-0043,Erayba Шампунь для курчавого волосся Curls 250мл,Професійний догляд для волосся. Оригінальна продукція Erayba.,u,1062.0,UAH,шт.,+,,Erayba,Spain,CURLY Для кучерявого волосся
ERA-0044,Erayba Кондиціонер Detox Refresh Conditioner leave-in 200мл,Професійний догляд для волосся. Оригінальна продукція Erayba.,u,922.0,UAH,шт.,+,,Erayba,Spain,DETOX Для всіх типіві волосся
ERA-0045,Erayba Маска для всіх типів волосся Detox Refresh Mask 1000мл,Професійний догляд для волосся. Оригінальна продукція Erayba.,u,2570.0,UAH,шт.,+,,Erayba,Spain,DETOX Для всіх типіві волосся
ERA-0046,Erayba Маска для всіх типів волосся Detox Refresh Mask 250мл,Професійний догляд для волосся. Оригінальна продукція Erayba.,u,1072.0,UAH,шт.,+,,Erayba,Spain,DETOX Для всіх типіві волосся
ERA-0047,Erayba Шампунь очищаючий Detox Refresh Shampoo 1000мл,Професійний догляд для волосся. Оригінальна продукція Erayba.,u,2538.0,UAH,шт.,+,,Erayba,Spain,DETOX Для всіх типіві волосся
ERA-0048,Erayba Шампунь очищаючий Detox Refresh Shampoo 250мл,Професійний догляд для волосся. Оригінальна продукція Erayba.,u,1062.0,UAH,шт.,+,,Erayba,Spain,DETOX Для всіх типіві волосся
ERA-0049,Erayba Двофазовий кондиціонер Repair 200мл,Професійний догляд для волосся. Оригінальна продукція Erayba.,u,1008.0,UAH,шт.,+,,Erayba,Spain,REPAIR Для пошкодженого волосся
ERA-0050,Erayba Маска для пошкодженого волосся Repair Mask 1000 мл,Професійний догляд для волосся. Оригінальна продукція Erayba.,u,2570.0,UAH,шт.,+,,Erayba,Spain,REPAIR Для пошкодженого волосся
ERA-0051,Erayba Маска для пошкодженого волосся Repair 250мл,Професійний догляд для волосся. Оригінальна продукція Erayba.,u,1072.0,UAH,шт.,+,,Erayba,Spain,REPAIR Для пошкодженого волосся
ERA-0052,Erayba Сироватка Repair Ends Sealer 100мл,Професійний догляд для волосся. Оригінальна продукція Erayba.,u,1458.0,UAH,шт.,+,,Erayba,Spain,REPAIR Для пошкодженого волосся
ERA-0053,Erayba Сироватка Repair treatment 100мл,Професійний догляд для волосся. Оригінальна продукція Erayba.,u,1584.0,UAH,шт.,+,,Erayba,Spain,REPAIR Для пошкодженого волосся
ERA-0054,Erayba Шампунь для пошкодженого волосся Repair Shampoo 1000 мл,Професійний догляд для волосся. Оригінальна продукція Erayba.,u,2538.0,UAH,шт.,+,,Erayba,Spain,REPAIR Для пошкодженого волосся
ERA-0055,Erayba Шампунь для пошкодженого волосся Repair 250мл,Професійний догляд для волосся. Оригінальна продукція Erayba.,u,1062.0,UAH,шт.,+,,Erayba,Spain,REPAIR Для пошкодженого волосся
ERA-0057,Erayba Маска антижовта Silver No-Yellow Mask 250мл,Професійний догляд для волосся. Оригінальна продукція Erayba.,u,1072.0,UAH,шт.,+,,Erayba,Spain,SILVER Для освітленого волосся
ERA-0061,Erayba Маска для об'єму Volume 1000мл,Професійний догляд для волосся. Оригінальна продукція Erayba.,u,2570.0,UAH,шт.,+,,Erayba,Spain,VOLUME Для тонкого волосся
ERA-0062,Erayba Маска для об'єму Volume 250мл,Професійний догляд для волосся. Оригінальна продукція Erayba.,u,1072.0,UAH,шт.,+,,Erayba,Spain,VOLUME Для тонкого волосся
ERA-0066,Erayba K10 Keratin Маска 10в1! 1000 мл,Професійний догляд для волосся. Оригінальна продукція Erayba.,u,1895.0,UAH,шт.,+,,Erayba,Spain,Ботокс лікування волосся HYDRAKER
ERA-0067,Erayba K10 Keratin Маска 10в1! 150 мл,Професійний догляд для волосся. Оригінальна продукція Erayba.,u,640.0,UAH,шт.,+,,Erayba,Spain,Ботокс лікування волосся HYDRAKER
ERA-0070,Erayba K12 Keratin Шампунь 250 мл,Професійний догляд для волосся. Оригінальна продукція Erayba.,u,888.0,UAH,шт.,+,,Erayba,Spain,Ботокс лікування волосся HYDRAKER
ERA-0071,Erayba K12 Keratin Шампунь 1000 мл,Професійний догляд для волосся. Оригінальна продукція Erayba.,u,2176.0,UAH,шт.,+,,Erayba,Spain,Ботокс лікування волосся HYDRAKER
ERA-0072,Erayba K15 Argan Mystic Oil Олія 50 мл,Професійний догляд для волосся. Оригінальна продукція Erayba.,u,920.0,UAH,шт.,+,,Erayba,Spain,Ботокс лікування волосся HYDRAKER
ERA-0073,Erayba K16 Keratin Кондиціонер 1000 мл,Професійний догляд для волосся. Оригінальна продукція Erayba.,u,1464.0,UAH,шт.,+,,Erayba,Spain,Ботокс лікування волосся HYDRAKER
ERA-0074,Erayba K16 Keratin Кондиціонер 250 мл,Професійний догляд для волосся. Оригінальна продукція Erayba.,u,768.0,UAH,шт.,+,,Erayba,Spain,Ботокс лікування волосся HYDRAKER
ERA-0075,Erayba NC10 Collastin Маска 1000 мл,Професійний догляд для волосся. Оригінальна продукція Erayba.,u,1872.0,UAH,шт.,+,,Erayba,Spain,Догляд для волосся NUTRIACTIVE COLLASTIN
ERA-0076,Erayba NC10 Collastin Маска 250 мл,Професійний догляд для волосся. Оригінальна продукція Erayba.,u,880.0,UAH,шт.,+,,Erayba,Spain,Догляд для волосся NUTRIACTIVE COLLASTIN
ERA-0078,Erayba NC12 Collastin Шампунь 1000 мл,Професійний догляд для волосся. Оригінальна продукція Erayba.,u,2176.0,UAH,шт.,+,,Erayba,Spain,Догляд для волосся NUTRIACTIVE COLLASTIN
ERA-0079,Erayba NC12 Collastin Шампунь 250 мл,Професійний догляд для волосся. Оригінальна продукція Erayba.,u,888.0,UAH,шт.,+,,Erayba,Spain,Догляд для волосся NUTRIACTIVE COLLASTIN
ERA-0080,Erayba NC15 Instant serum Сироватка 100 мл,Професійний догляд для волосся. Оригінальна продукція Erayba.,u,1063.0,UAH,шт.,+,,Erayba,Spain,Догляд для волосся NUTRIACTIVE COLLASTIN
ERA-0081,Erayba NC16 Collastin Кондиціонер 1000 мл,Професійний догляд для волосся. Оригінальна продукція Erayba.,u,1384.0,UAH,шт.,+,,Erayba,Spain,Догляд для волосся NUTRIACTIVE COLLASTIN
ERA-0082,Erayba NC16 Collastin Кондиціонер 250 мл,Професійний догляд для волосся. Оригінальна продукція Erayba.,u,752.0,UAH,шт.,+,,Erayba,Spain,Догляд для волосся NUTRIACTIVE COLLASTIN
ERA-0083,Erayba NC18 Collasin 2phase Двофазний спрей 200 мл,Професійний догляд для волосся. Оригінальна продукція Erayba.,u,672.0,UAH,шт.,+,,Erayba,Spain,Догляд для волосся NUTRIACTIVE COLLASTIN
ERA-0084,Erayba NC18 Collasin 2phase Двофазний спрей 500 мл,Професійний догляд для волосся. Оригінальна продукція Erayba.,u,1192.0,UAH,шт.,+,,Erayba,Spain,Догляд для волосся NUTRIACTIVE COLLASTIN
ERA-0087,Erayba BS10 Маска 1000 мл,Професійний догляд для волосся. Оригінальна продукція Erayba.,u,2449.0,UAH,шт.,+,,Erayba,Spain,Випрямлення + догляд BIO SMOOTH
ERA-0088,Erayba BS10 Спрей-маска незмиваема 150 мл,Професійний догляд для волосся. Оригінальна продукція Erayba.,u,760.0,UAH,шт.,+,,Erayba,Spain,Випрямлення + догляд BIO SMOOTH
ERA-0089,Erayba BS12 Шампунь 1000 мл,Професійний догляд для волосся. Оригінальна продукція Erayba.,u,2176.0,UAH,шт.,+,,Erayba,Spain,Випрямлення + догляд BIO SMOOTH
ERA-0090,Erayba BS12 Шампунь 250 мл,Професійний догляд для волосся. Оригінальна продукція Erayba.,u,888.0,UAH,шт.,+,,Erayba,Spain,Випрямлення + догляд BIO SMOOTH
ERA-0091,Erayba BS16 Кондиціонер 1000 мл,Професійний догляд для волосся. Оригінальна продукція Erayba.,u,1848.0,UAH,шт.,+,,Erayba,Spain,Випрямлення + догляд BIO SMOOTH
ERA-0092,Erayba BS16 Кондиціонер 250 мл,Професійний догляд для волосся. Оригінальна продукція Erayba.,u,784.0,UAH,шт.,+,,Erayba,Spain,Випрямлення + догляд BIO SMOOTH
ERA-0093,Erayba BS18 Двофазний спрей 200 мл,Професійний догляд для волосся. Оригінальна продукція Erayba.,u,816.0,UAH,шт.,+,,Erayba,Spain,Випрямлення + догляд BIO SMOOTH
ERA-0094,Erayba BS18 Двофазний спрей 500 мл,Професійний догляд для волосся. Оригінальна продукція Erayba.,u,1408.0,UAH,шт.,+,,Erayba,Spain,Випрямлення + догляд BIO SMOOTH
ERA-0095,Erayba B10 Біомаска 1000 мл,Професійний догляд для волосся. Оригінальна продукція Erayba.,u,1714.0,UAH,шт.,+,,Erayba,Spain,Органічний догляд для волосся BIO ME
ERA-0096,Erayba B10 Біомаска 200 мл,Професійний догляд для волосся. Оригінальна продукція Erayba.,u,736.0,UAH,шт.,+,,Erayba,Spain,Органічний догляд для волосся BIO ME
ERA-0100,Erayba B18 Біодвофазний спрей 200 мл,Професійний догляд для волосся. Оригінальна продукція Erayba.,u,718.0,UAH,шт.,+,,Erayba,Spain,Органічний догляд для волосся BIO ME
ERA-0101,Erayba B18 Біодвофазний спрей 500 мл,Професійний догляд для волосся. Оригінальна продукція Erayba.,u,960.0,UAH,шт.,+,,Erayba,Spain,Органічний догляд для волосся BIO ME
ERA-0106,Erayba Z18R/EXO Ампули проти випадіння волосся 5 мл х 15 шт. NEW!!!,Професійний догляд для волосся. Оригінальна продукція Erayba.,u,2000.0,UAH,шт.,+,,Erayba,Spain,Лікування волосся ZEN NEW!!! Проти Випадіння
ERA-0107,E Z12B Шампунь проти жирного волосся 250 мл NEW!!!,Професійний догляд для волосся. Оригінальна продукція Erayba.,u,968.0,UAH,шт.,+,,Erayba,Spain,Лікування волосся ZEN NEW!!! Жирність
ERA-0108,E Z12B Шампунь проти жирного волосся 750 мл NEW!!!,Професійний догляд для волосся. Оригінальна продукція Erayba.,u,2384.0,UAH,шт.,+,,Erayba,Spain,Лікування волосся ZEN NEW!!! Жирність
ERA-0109,E Z18B Льосьон проти жирного волосся 100 мл NEW!!!,Професійний догляд для волосся. Оригінальна продукція Erayba.,u,1832.0,UAH,шт.,+,,Erayba,Spain,Лікування волосся ZEN NEW!!! Жирність
ERA-0126,Erayba S19 Термозахисний спрей 150 мл,Професійний догляд для волосся. Оригінальна продукція Erayba.,u,1152.0,UAH,шт.,+,,Erayba,Spain,Укладка STYLE ACTIVE NEW!!!
ERA-0131,Erayba S50 Сольвий спрей 150 мл,Професійний догляд для волосся. Оригінальна продукція Erayba.,u,864.0,UAH,шт.,+,,Erayba,Spain,Укладка STYLE ACTIVE NEW!!!
GLY-0034,GLYNT Кондиціонер зволожуючий HYDRO Conditioner 1000 мл,Професійний догляд для волосся. Оригінальна продукція Glynt.,u,2970.0,UAH,шт.,+,,Glynt,Germany,HYDRO Догляд для волосся зволоження волосся
GLY-0035,GLYNT Кондиціонер зволожуючий HYDRO Conditioner 200 мл,Професійний догляд для волосся. Оригінальна продукція Glynt.,u,846.0,UAH,шт.,+,,Glynt,Germany,HYDRO Догляд для волосся зволоження волосся
GLY-0038,GLYNT Шампунь зволожуючий HYDRO Shampoo 1000 мл,Професійний догляд для волосся. Оригінальна продукція Glynt.,u,2052.0,UAH,шт.,+,,Glynt,Germany,HYDRO Догляд для волосся зволоження волосся
GLY-0039,GLYNT Шампунь зволожуючий HYDRO Shampoo 250 мл,Професійний догляд для волосся. Оригінальна продукція Glynt.,u,846.0,UAH,шт.,+,,Glynt,Germany,HYDRO Догляд для волосся зволоження волосся
GLY-0041,GLYNT Кондиціонер для об'єму VOLUME Conditioner 200 мл,Професійний догляд для волосся. Оригінальна продукція Glynt.,u,846.0,UAH,шт.,+,,Glynt,Germany,VOLUME для об'єму
GLY-0042,GLYNT Кондиціонер для об'єму VOLUME Conditioner 1000 мл,Професійний догляд для волосся. Оригінальна продукція Glynt.,u,3402.0,UAH,шт.,+,,Glynt,Germany,VOLUME для об'єму
GLY-0046,GLYNT Шампунь для об'єму VOLUME Shampoo 1000 мл,Професійний догляд для волосся. Оригінальна продукція Glynt.,u,2052.0,UAH,шт.,+,,Glynt,Germany,VOLUME для об'єму
GLY-0047,GLYNT Шампунь для об'єму VOLUME ENERGY Shampoo 250 мл,Професійний догляд для волосся. Оригінальна продукція Glynt.,u,846.0,UAH,шт.,+,,Glynt,Germany,VOLUME для об'єму
GLY-0048,GLYNT Маска віднов. REVITAL MASK 1000 мл,Професійний догляд для волосся. Оригінальна продукція Glynt.,u,3402.0,UAH,шт.,+,,Glynt,Germany,REVITAL віднов. волосся
GLY-0049,GLYNT Маска віднов REVITAL REGAIN MASK 200 мл,Професійний догляд для волосся. Оригінальна продукція Glynt.,u,846.0,UAH,шт.,+,,Glynt,Germany,REVITAL віднов. волосся
GLY-0052,GLYNT Шампунь віднов. REVITAL REGAIN SHAMPOO 1000 мл,Професійний догляд для волосся. Оригінальна продукція Glynt.,u,2052.0,UAH,шт.,+,,Glynt,Germany,REVITAL віднов. волосся
GLY-0053,GLYNT Шампунь віднов. REVITAL REGAIN SHAMPOO 250 мл,Професійний догляд для волосся. Оригінальна продукція Glynt.,u,846.0,UAH,шт.,+,,Glynt,Germany,REVITAL віднов. волосся
GLY-0055,GLYNT Маска живильна NUTRI OIL Mask 1000 мл,Професійний догляд для волосся. Оригінальна продукція Glynt.,u,3402.0,UAH,шт.,+,,Glynt,Germany,NUTRI живлення волосся
GLY-0056,GLYNT Маска живильна NUTRI OIL Mask 200 мл,Професійний догляд для волосся. Оригінальна продукція Glynt.,u,846.0,UAH,шт.,+,,Glynt,Germany,NUTRI живлення волосся
GLY-0057,GLYNT Спрей для блиску NUTRI Shine Spray 100 мл,Професійний догляд для волосся. Оригінальна продукція Glynt.,u,936.0,UAH,шт.,+,,Glynt,Germany,NUTRI живлення волосся
GLY-0059,GLYNT Шампунь живильний NUTRI OIL Shampoo 1000 мл,Професійний догляд для волосся. Оригінальна продукція Glynt.,u,2772.0,UAH,шт.,+,,Glynt,Germany,NUTRI живлення волосся
GLY-0060,GLYNT Шампунь живильний NUTRI OIL Shampoo 250 мл,Професійний догляд для волосся. Оригінальна продукція Glynt.,u,846.0,UAH,шт.,+,,Glynt,Germany,NUTRI живлення волосся
GLY-0068,GLYNT Шампунь регулятор DERMA Shampoo 1000 мл,Професійний догляд для волосся. Оригінальна продукція Glynt.,u,2790.0,UAH,шт.,+,,Glynt,Germany,"DERMA випадіння,лупа, жирне волосся"
GLY-0069,GLYNT Шампунь регулятор DERMA REGULATE Shampoo 250 мл,Професійний догляд для волосся. Оригінальна продукція Glynt.,u,846.0,UAH,шт.,+,,Glynt,Germany,"DERMA випадіння,лупа, жирне волосся"
GLY-0070,GLYNT Шампунь п/випадіння REFRESH Shampoo 1000 мл,Професійний догляд для волосся. Оригінальна продукція Glynt.,u,2790.0,UAH,шт.,+,,Glynt,Germany,"REFRESH Проти випадіння, рост волосся"
GLY-0071,GLYNT Шампунь п/випадіння REFRESH Shampoo 250 мл,Професійний догляд для волосся. Оригінальна продукція Glynt.,u,846.0,UAH,шт.,+,,Glynt,Germany,"REFRESH Проти випадіння, рост волосся"
LOV-0018,Lovien Маска Repair therapy mask 1000 мл,Професійний догляд для волосся. Оригінальна продукція Lovien Essential.,u,1020.0,UAH,шт.,+,,Lovien Essential,Italy,"Шампуні, кондиціонери, лікування волосся"
LOV-0020,Lovien Маска Repair therapy mask 250 мл,Професійний догляд для волосся. Оригінальна продукція Lovien Essential.,u,501.0,UAH,шт.,+,,Lovien Essential,Italy,"Шампуні, кондиціонери, лікування волосся"
LOV-0021,Lovien Маска Repair therapy mask 500 мл,Професійний догляд для волосся. Оригінальна продукція Lovien Essential.,u,595.0,UAH,шт.,+,,Lovien Essential,Italy,"Шампуні, кондиціонери, лікування волосся"
LOV-0022,Lovien Сироватка для волосся SERUM THERAPY 100 мл,Професійний догляд для волосся. Оригінальна продукція Lovien Essential.,u,1003.0,UAH,шт.,+,,Lovien Essential,Italy,"Шампуні, кондиціонери, лікування волосся"
LOV-0023,Lovien Флюїд SILK CREAM 120 мл,Професійний догляд для волосся. Оригінальна продукція Lovien Essential.,u,1003.0,UAH,шт.,+,,Lovien Essential,Italy,"Шампуні, кондиціонери, лікування волосся"
LOV-0030,Lovien Шампунь MINERAL OIL 1000 мл,Професійний догляд для волосся. Оригінальна продукція Lovien Essential.,u,1020.0,UAH,шт.,+,,Lovien Essential,Italy,"Шампуні, кондиціонери, лікування волосся"
LOV-0032,Lovien Шампунь MINERAL OIL 300 мл,Професійний догляд для волосся. Оригінальна продукція Lovien Essential.,u,587.0,UAH,шт.,+,,Lovien Essential,Italy,"Шампуні, кондиціонери, лікування волосся"
LOV-0035,Lovien Маска Botox Filler Маска з ботоксом 500 мл,Професійний догляд для волосся. Оригінальна продукція Lovien Essential.,u,1530.0,UAH,шт.,+,,Lovien Essential,Italy,Серія Botox Filler
